Customer_ID,Customer_Name,RFM_Segment,R_Score,F_Score,M_Score,RFM_Score,RFM_Index,Cluster,Cluster_Name,Recency,Purchase_Frequency,Total_Revenue,Average_Order_Value,Basic_CLV,Marketing_Action
C0001,Rahul Patel,Hibernating,1,1,1,111,1.0,1,Lapsed / Low-Frequency Buyers,326,1,2531.28,2531.28,7593.84,"Low-cost programmatic re-engagement, seasonal clearance offers, or suppression from high-frequency paid ads to optimize ad spend."
C0002,Manish Joshi,Loyal Customers,5,3,3,533,3.67,3,Occasional / Developing Buyers,4,8,19258.34,2407.29,57774.96,"Cross-sell bundle recommendations, value-add incentives, personalized appreciation rewards, and referral bonuses."
C0003,Nikhil Verma,At Risk,3,2,2,322,2.33,3,Occasional / Developing Buyers,41,5,8414.11,1682.82,25242.3,"Personalized 'We Miss You' win-back email campaign, high-value discount (20% off), and product replenishment reminders."
C0005,Meera Mukherjee,Champions,4,5,4,454,4.33,0,Frequent Core Spenders,13,19,33877.92,1783.05,101633.85,"VIP concierge access, exclusive previews of new launches, loyalty tier upgrade, and brand ambassador invitations (do not discount heavily)."
C0007,Karan Nair,Hibernating,2,1,1,211,1.33,3,Occasional / Developing Buyers,96,1,1578.66,1578.66,4735.98,"Low-cost programmatic re-engagement, seasonal clearance offers, or suppression from high-frequency paid ads to optimize ad spend."
C0008,Siddharth Gupta,Hibernating,1,2,2,122,1.67,1,Lapsed / Low-Frequency Buyers,221,3,10152.79,3384.26,30458.34,"Low-cost programmatic re-engagement, seasonal clearance offers, or suppression from high-frequency paid ads to optimize ad spend."
C0010,Priya Bose,Hibernating,1,1,1,111,1.0,1,Lapsed / Low-Frequency Buyers,188,2,845.9,422.95,2537.7,"Low-cost programmatic re-engagement, seasonal clearance offers, or suppression from high-frequency paid ads to optimize ad spend."
C0011,Ananya Mehta,At Risk,2,3,2,232,2.33,3,Occasional / Developing Buyers,50,6,9353.23,1558.87,28059.66,"Personalized 'We Miss You' win-back email campaign, high-value discount (20% off), and product replenishment reminders."
C0012,Varun Reddy,Can't Lose Them,2,3,4,234,3.0,3,Occasional / Developing Buyers,74,7,39368.13,5624.02,118104.42,"High-touch outreach, dedicated customer service review, aggressive reactivation incentives, and personalized survey on service experience."
C0013,Aarav Chopra,Loyal Customers,3,5,5,355,4.33,0,Frequent Core Spenders,29,15,50314.29,3354.29,150943.05,"Cross-sell bundle recommendations, value-add incentives, personalized appreciation rewards, and referral bonuses."
C0014,Vikram Nair,Champions,4,5,5,455,4.67,0,Frequent Core Spenders,10,19,51065.78,2687.67,153197.19,"VIP concierge access, exclusive previews of new launches, loyalty tier upgrade, and brand ambassador invitations (do not discount heavily)."
C0015,Aarav Das,Hibernating,1,1,1,111,1.0,1,Lapsed / Low-Frequency Buyers,221,1,1617.22,1617.22,4851.66,"Low-cost programmatic re-engagement, seasonal clearance offers, or suppression from high-frequency paid ads to optimize ad spend."
C0016,Rohan Mehta,New Customers,5,1,5,515,3.67,3,Occasional / Developing Buyers,3,2,61156.11,30578.06,183468.36,"Welcome onboarding journey, product usage guides, and a time-sensitive second-order incentive (15% off next purchase)."
C0017,Karan Mukherjee,Loyal Customers,3,3,3,333,3.0,3,Occasional / Developing Buyers,23,7,18118.14,2588.31,54354.51,"Cross-sell bundle recommendations, value-add incentives, personalized appreciation rewards, and referral bonuses."
C0018,Pooja Bose,Loyal Customers,3,4,4,344,3.67,0,Frequent Core Spenders,34,10,28228.29,2822.83,84684.9,"Cross-sell bundle recommendations, value-add incentives, personalized appreciation rewards, and referral bonuses."
C0019,Rahul Joshi,Hibernating,1,2,2,122,1.67,1,Lapsed / Low-Frequency Buyers,317,3,11880.28,3960.09,35640.81,"Low-cost programmatic re-engagement, seasonal clearance offers, or suppression from high-frequency paid ads to optimize ad spend."
C0020,Nikhil Singh,Loyal Customers,5,3,3,533,3.67,3,Occasional / Developing Buyers,1,6,16845.78,2807.63,50537.34,"Cross-sell bundle recommendations, value-add incentives, personalized appreciation rewards, and referral bonuses."
C0021,Manish Chopra,At Risk,3,2,3,323,2.67,3,Occasional / Developing Buyers,32,4,23040.69,5760.17,69122.04,"Personalized 'We Miss You' win-back email campaign, high-value discount (20% off), and product replenishment reminders."
C0022,Tanvi Deshmukh,Loyal Customers,4,3,4,434,3.67,3,Occasional / Developing Buyers,16,8,34093.99,4261.75,102282.0,"Cross-sell bundle recommendations, value-add incentives, personalized appreciation rewards, and referral bonuses."
C0023,Vikram Sharma,Hibernating,1,2,2,122,1.67,1,Lapsed / Low-Frequency Buyers,184,4,12885.39,3221.35,38656.2,"Low-cost programmatic re-engagement, seasonal clearance offers, or suppression from high-frequency paid ads to optimize ad spend."
C0024,Shreya Reddy,Hibernating,1,2,2,122,1.67,3,Occasional / Developing Buyers,125,5,4971.6,994.32,14914.8,"Low-cost programmatic re-engagement, seasonal clearance offers, or suppression from high-frequency paid ads to optimize ad spend."
C0025,Rahul Verma,Champions,5,5,5,555,5.0,0,Frequent Core Spenders,7,27,75537.98,2797.7,226613.7,"VIP concierge access, exclusive previews of new launches, loyalty tier upgrade, and brand ambassador invitations (do not discount heavily)."
C0026,Aditi Verma,Loyal Customers,4,3,3,433,3.33,3,Occasional / Developing Buyers,13,9,18629.5,2069.94,55888.38,"Cross-sell bundle recommendations, value-add incentives, personalized appreciation rewards, and referral bonuses."
C0028,Shreya Joshi,Champions,5,4,4,544,4.33,0,Frequent Core Spenders,1,14,39141.39,2795.81,117424.02,"VIP concierge access, exclusive previews of new launches, loyalty tier upgrade, and brand ambassador invitations (do not discount heavily)."
C0029,Amit Mukherjee,At Risk,2,3,3,233,2.67,3,Occasional / Developing Buyers,49,6,14620.71,2436.78,43862.04,"Personalized 'We Miss You' win-back email campaign, high-value discount (20% off), and product replenishment reminders."
C0030,Pooja Gupta,Champions,4,5,5,455,4.67,2,Ultra-High-Value VIPs,18,20,119045.14,5952.26,357135.6,"VIP concierge access, exclusive previews of new launches, loyalty tier upgrade, and brand ambassador invitations (do not discount heavily)."
C0031,Aarav Iyer,Can't Lose Them,2,4,4,244,3.33,0,Frequent Core Spenders,67,12,25889.43,2157.45,77668.2,"High-touch outreach, dedicated customer service review, aggressive reactivation incentives, and personalized survey on service experience."
C0032,Priya Gupta,Hibernating,1,1,2,112,1.33,1,Lapsed / Low-Frequency Buyers,212,2,6573.66,3286.83,19720.98,"Low-cost programmatic re-engagement, seasonal clearance offers, or suppression from high-frequency paid ads to optimize ad spend."
C0034,Rohan Gupta,Hibernating,1,1,1,111,1.0,1,Lapsed / Low-Frequency Buyers,190,2,2821.33,1410.66,8463.96,"Low-cost programmatic re-engagement, seasonal clearance offers, or suppression from high-frequency paid ads to optimize ad spend."
C0035,Amit Sharma,Loyal Customers,3,3,4,334,3.33,3,Occasional / Developing Buyers,28,8,29792.36,3724.05,89377.2,"Cross-sell bundle recommendations, value-add incentives, personalized appreciation rewards, and referral bonuses."
C0036,Divya Das,At Risk,2,2,2,222,2.0,3,Occasional / Developing Buyers,102,5,11700.78,2340.16,35102.4,"Personalized 'We Miss You' win-back email campaign, high-value discount (20% off), and product replenishment reminders."
C0037,Aarav Bose,Hibernating,1,1,3,113,1.67,1,Lapsed / Low-Frequency Buyers,215,2,15868.2,7934.1,47604.6,"Low-cost programmatic re-engagement, seasonal clearance offers, or suppression from high-frequency paid ads to optimize ad spend."
C0038,Aarav Das,New Customers,4,1,2,412,2.33,3,Occasional / Developing Buyers,20,2,10639.84,5319.92,31919.52,"Welcome onboarding journey, product usage guides, and a time-sensitive second-order incentive (15% off next purchase)."
C0039,Sneha Deshmukh,Champions,5,4,4,544,4.33,0,Frequent Core Spenders,5,13,38937.18,2995.17,116811.63,"VIP concierge access, exclusive previews of new launches, loyalty tier upgrade, and brand ambassador invitations (do not discount heavily)."
C0040,Aarav Chopra,Champions,5,5,5,555,5.0,2,Ultra-High-Value VIPs,4,36,227145.6,6309.6,681436.8,"VIP concierge access, exclusive previews of new launches, loyalty tier upgrade, and brand ambassador invitations (do not discount heavily)."
C0041,Ravi Das,Can't Lose Them,2,4,3,243,3.0,0,Frequent Core Spenders,52,12,13764.21,1147.02,41292.72,"High-touch outreach, dedicated customer service review, aggressive reactivation incentives, and personalized survey on service experience."
C0042,Karan Mehta,Hibernating,2,1,1,211,1.33,3,Occasional / Developing Buyers,71,1,989.59,989.59,2968.77,"Low-cost programmatic re-engagement, seasonal clearance offers, or suppression from high-frequency paid ads to optimize ad spend."
C0043,Nikhil Das,Hibernating,1,1,1,111,1.0,1,Lapsed / Low-Frequency Buyers,341,1,1015.79,1015.79,3047.37,"Low-cost programmatic re-engagement, seasonal clearance offers, or suppression from high-frequency paid ads to optimize ad spend."
C0045,Priya Verma,Champions,4,5,4,454,4.33,0,Frequent Core Spenders,11,19,40419.68,2127.35,121258.95,"VIP concierge access, exclusive previews of new launches, loyalty tier upgrade, and brand ambassador invitations (do not discount heavily)."
C0047,Rahul Reddy,Potential Loyalists,4,2,3,423,3.0,3,Occasional / Developing Buyers,14,5,20591.85,4118.37,61775.55,"Personalized product recommendations, loyalty points program onboarding, and limited-time category vouchers."
C0049,Riya Nair,At Risk,2,2,3,223,2.33,3,Occasional / Developing Buyers,117,5,13403.6,2680.72,40210.8,"Personalized 'We Miss You' win-back email campaign, high-value discount (20% off), and product replenishment reminders."
C0050,Amit Chopra,Loyal Customers,3,3,3,333,3.0,3,Occasional / Developing Buyers,27,8,17591.69,2198.96,52775.04,"Cross-sell bundle recommendations, value-add incentives, personalized appreciation rewards, and referral bonuses."
C0051,Varun Das,Champions,4,5,5,455,4.67,0,Frequent Core Spenders,15,15,63820.88,4254.73,191462.85,"VIP concierge access, exclusive previews of new launches, loyalty tier upgrade, and brand ambassador invitations (do not discount heavily)."
C0052,Varun Verma,Hibernating,1,1,2,112,1.33,1,Lapsed / Low-Frequency Buyers,304,1,5934.56,5934.56,17803.68,"Low-cost programmatic re-engagement, seasonal clearance offers, or suppression from high-frequency paid ads to optimize ad spend."
C0055,Nikhil Sharma,Can't Lose Them,2,5,4,254,3.67,0,Frequent Core Spenders,59,17,36726.46,2160.38,110179.38,"High-touch outreach, dedicated customer service review, aggressive reactivation incentives, and personalized survey on service experience."
C0056,Rohan Chopra,Champions,4,5,4,454,4.33,0,Frequent Core Spenders,11,15,33271.88,2218.13,99815.85,"VIP concierge access, exclusive previews of new launches, loyalty tier upgrade, and brand ambassador invitations (do not discount heavily)."
C0057,Vikram Mukherjee,Champions,4,4,4,444,4.0,0,Frequent Core Spenders,16,11,24628.12,2238.92,73884.36,"VIP concierge access, exclusive previews of new launches, loyalty tier upgrade, and brand ambassador invitations (do not discount heavily)."
C0058,Meera Mehta,Potential Loyalists,4,2,1,421,2.33,3,Occasional / Developing Buyers,13,4,4421.57,1105.39,13264.68,"Personalized product recommendations, loyalty points program onboarding, and limited-time category vouchers."
C0059,Riya Mehta,At Risk,2,3,2,232,2.33,3,Occasional / Developing Buyers,68,5,8175.64,1635.13,24526.95,"Personalized 'We Miss You' win-back email campaign, high-value discount (20% off), and product replenishment reminders."
C0060,Aarav Iyer,Hibernating,1,1,1,111,1.0,1,Lapsed / Low-Frequency Buyers,236,1,3355.34,3355.34,10066.02,"Low-cost programmatic re-engagement, seasonal clearance offers, or suppression from high-frequency paid ads to optimize ad spend."
C0061,Tanvi Iyer,Loyal Customers,3,4,3,343,3.33,0,Frequent Core Spenders,23,13,22517.85,1732.14,67553.46,"Cross-sell bundle recommendations, value-add incentives, personalized appreciation rewards, and referral bonuses."
C0062,Amit Mehta,At Risk,2,2,2,222,2.0,3,Occasional / Developing Buyers,120,4,12862.16,3215.54,38586.48,"Personalized 'We Miss You' win-back email campaign, high-value discount (20% off), and product replenishment reminders."
C0063,Varun Chopra,Can't Lose Them,2,3,5,235,3.33,3,Occasional / Developing Buyers,51,5,44133.56,8826.71,132400.65,"High-touch outreach, dedicated customer service review, aggressive reactivation incentives, and personalized survey on service experience."
C0064,Priya Nair,Loyal Customers,3,3,3,333,3.0,3,Occasional / Developing Buyers,22,7,19816.98,2831.0,59451.0,"Cross-sell bundle recommendations, value-add incentives, personalized appreciation rewards, and referral bonuses."
C0065,Varun Joshi,Hibernating,1,1,1,111,1.0,1,Lapsed / Low-Frequency Buyers,178,1,508.71,508.71,1526.13,"Low-cost programmatic re-engagement, seasonal clearance offers, or suppression from high-frequency paid ads to optimize ad spend."
C0066,Karan Iyer,Hibernating,3,1,1,311,1.67,3,Occasional / Developing Buyers,42,1,1165.63,1165.63,3496.89,"Low-cost programmatic re-engagement, seasonal clearance offers, or suppression from high-frequency paid ads to optimize ad spend."
C0067,Shreya Kumar,Loyal Customers,3,4,4,344,3.67,0,Frequent Core Spenders,34,10,30650.51,3065.05,91951.5,"Cross-sell bundle recommendations, value-add incentives, personalized appreciation rewards, and referral bonuses."
C0069,Neha Deshmukh,Loyal Customers,3,3,3,333,3.0,3,Occasional / Developing Buyers,41,8,21464.67,2683.08,64393.92,"Cross-sell bundle recommendations, value-add incentives, personalized appreciation rewards, and referral bonuses."
C0070,Tanvi Gupta,Potential Loyalists,5,2,2,522,3.0,3,Occasional / Developing Buyers,1,3,10049.96,3349.99,30149.91,"Personalized product recommendations, loyalty points program onboarding, and limited-time category vouchers."
C0071,Tanvi Joshi,New Customers,5,1,2,512,2.67,3,Occasional / Developing Buyers,2,2,6951.47,3475.74,20854.44,"Welcome onboarding journey, product usage guides, and a time-sensitive second-order incentive (15% off next purchase)."
C0072,Priya Nair,Can't Lose Them,1,3,4,134,2.67,3,Occasional / Developing Buyers,124,5,23303.73,4660.75,69911.25,"High-touch outreach, dedicated customer service review, aggressive reactivation incentives, and personalized survey on service experience."
C0073,Neha Reddy,Hibernating,1,2,1,121,1.33,1,Lapsed / Low-Frequency Buyers,264,3,3682.37,1227.46,11047.14,"Low-cost programmatic re-engagement, seasonal clearance offers, or suppression from high-frequency paid ads to optimize ad spend."
C0074,Ananya Nair,Loyal Customers,4,4,3,443,3.67,0,Frequent Core Spenders,13,11,17209.34,1564.49,51628.17,"Cross-sell bundle recommendations, value-add incentives, personalized appreciation rewards, and referral bonuses."
C0075,Sneha Gupta,New Customers,5,1,1,511,2.33,3,Occasional / Developing Buyers,0,2,3679.48,1839.74,11038.44,"Welcome onboarding journey, product usage guides, and a time-sensitive second-order incentive (15% off next purchase)."
C0076,Pooja Patel,Potential Loyalists,4,3,2,432,3.0,3,Occasional / Developing Buyers,8,5,9348.62,1869.72,28045.8,"Personalized product recommendations, loyalty points program onboarding, and limited-time category vouchers."
C0077,Arjun Kumar,Champions,4,4,4,444,4.0,0,Frequent Core Spenders,13,11,23500.57,2136.42,70501.86,"VIP concierge access, exclusive previews of new launches, loyalty tier upgrade, and brand ambassador invitations (do not discount heavily)."
C0078,Karan Kumar,Can't Lose Them,2,4,3,243,3.0,3,Occasional / Developing Buyers,87,11,19860.5,1805.5,59581.5,"High-touch outreach, dedicated customer service review, aggressive reactivation incentives, and personalized survey on service experience."
C0079,Shreya Sharma,Loyal Customers,3,5,5,355,4.33,2,Ultra-High-Value VIPs,30,18,159692.64,8871.81,479077.74,"Cross-sell bundle recommendations, value-add incentives, personalized appreciation rewards, and referral bonuses."
C0080,Vikram Patel,Champions,5,5,4,554,4.67,0,Frequent Core Spenders,7,16,32520.3,2032.52,97560.96,"VIP concierge access, exclusive previews of new launches, loyalty tier upgrade, and brand ambassador invitations (do not discount heavily)."
C0083,Ananya Nair,Hibernating,2,1,1,211,1.33,3,Occasional / Developing Buyers,98,2,1865.41,932.71,5596.26,"Low-cost programmatic re-engagement, seasonal clearance offers, or suppression from high-frequency paid ads to optimize ad spend."
C0084,Riya Mukherjee,Loyal Customers,3,4,3,343,3.33,0,Frequent Core Spenders,27,11,15647.67,1422.52,46943.16,"Cross-sell bundle recommendations, value-add incentives, personalized appreciation rewards, and referral bonuses."
C0086,Shreya Bose,Hibernating,3,1,1,311,1.67,3,Occasional / Developing Buyers,40,1,901.34,901.34,2704.02,"Low-cost programmatic re-engagement, seasonal clearance offers, or suppression from high-frequency paid ads to optimize ad spend."
C0087,Divya Das,At Risk,3,3,2,332,2.67,3,Occasional / Developing Buyers,39,7,11036.23,1576.6,33108.6,"Personalized 'We Miss You' win-back email campaign, high-value discount (20% off), and product replenishment reminders."
C0088,Ravi Deshmukh,At Risk,2,2,2,222,2.0,3,Occasional / Developing Buyers,80,4,12333.18,3083.3,36999.6,"Personalized 'We Miss You' win-back email campaign, high-value discount (20% off), and product replenishment reminders."
C0089,Sneha Chopra,Can't Lose Them,2,4,5,245,3.67,0,Frequent Core Spenders,47,14,61168.14,4369.15,183504.3,"High-touch outreach, dedicated customer service review, aggressive reactivation incentives, and personalized survey on service experience."
C0090,Vikram Mehta,Hibernating,1,1,1,111,1.0,1,Lapsed / Low-Frequency Buyers,257,1,816.52,816.52,2449.56,"Low-cost programmatic re-engagement, seasonal clearance offers, or suppression from high-frequency paid ads to optimize ad spend."
C0092,Aditi Chopra,Can't Lose Them,2,4,3,243,3.0,3,Occasional / Developing Buyers,99,9,21276.07,2364.01,63828.27,"High-touch outreach, dedicated customer service review, aggressive reactivation incentives, and personalized survey on service experience."
C0093,Aarav Singh,At Risk,2,3,2,232,2.33,3,Occasional / Developing Buyers,117,5,6165.95,1233.19,18497.85,"Personalized 'We Miss You' win-back email campaign, high-value discount (20% off), and product replenishment reminders."
C0094,Siddharth Kumar,Loyal Customers,3,5,4,354,4.0,0,Frequent Core Spenders,26,16,31467.87,1966.74,94403.52,"Cross-sell bundle recommendations, value-add incentives, personalized appreciation rewards, and referral bonuses."
C0095,Aditi Singh,Hibernating,1,2,1,121,1.33,1,Lapsed / Low-Frequency Buyers,197,3,4585.3,1528.43,13755.87,"Low-cost programmatic re-engagement, seasonal clearance offers, or suppression from high-frequency paid ads to optimize ad spend."
C0097,Vikram Deshmukh,Can't Lose Them,2,5,5,255,4.0,0,Frequent Core Spenders,63,15,47833.95,3188.93,143501.85,"High-touch outreach, dedicated customer service review, aggressive reactivation incentives, and personalized survey on service experience."
C0098,Shreya Mehta,Loyal Customers,5,3,3,533,3.67,3,Occasional / Developing Buyers,6,5,16176.66,3235.33,48529.95,"Cross-sell bundle recommendations, value-add incentives, personalized appreciation rewards, and referral bonuses."
C0099,Arjun Mukherjee,Champions,5,4,5,545,4.67,0,Frequent Core Spenders,1,10,46394.71,4639.47,139184.1,"VIP concierge access, exclusive previews of new launches, loyalty tier upgrade, and brand ambassador invitations (do not discount heavily)."
C0100,Pooja Iyer,Hibernating,1,1,1,111,1.0,1,Lapsed / Low-Frequency Buyers,159,2,4586.85,2293.43,13760.58,"Low-cost programmatic re-engagement, seasonal clearance offers, or suppression from high-frequency paid ads to optimize ad spend."
C0101,Divya Deshmukh,Loyal Customers,5,3,3,533,3.67,3,Occasional / Developing Buyers,1,8,14316.89,1789.61,42950.64,"Cross-sell bundle recommendations, value-add incentives, personalized appreciation rewards, and referral bonuses."
C0102,Riya Mehta,Hibernating,1,1,2,112,1.33,1,Lapsed / Low-Frequency Buyers,277,1,5711.04,5711.04,17133.12,"Low-cost programmatic re-engagement, seasonal clearance offers, or suppression from high-frequency paid ads to optimize ad spend."
C0103,Kavya Nair,Hibernating,1,1,1,111,1.0,1,Lapsed / Low-Frequency Buyers,334,1,3400.24,3400.24,10200.72,"Low-cost programmatic re-engagement, seasonal clearance offers, or suppression from high-frequency paid ads to optimize ad spend."
C0104,Shreya Bose,Champions,4,5,5,455,4.67,0,Frequent Core Spenders,7,22,87229.67,3964.99,261689.34,"VIP concierge access, exclusive previews of new launches, loyalty tier upgrade, and brand ambassador invitations (do not discount heavily)."
C0105,Ravi Gupta,Hibernating,1,1,1,111,1.0,1,Lapsed / Low-Frequency Buyers,167,2,1785.28,892.64,5355.84,"Low-cost programmatic re-engagement, seasonal clearance offers, or suppression from high-frequency paid ads to optimize ad spend."
C0106,Manish Bose,Champions,5,5,5,555,5.0,2,Ultra-High-Value VIPs,1,31,97813.72,3155.28,293441.04,"VIP concierge access, exclusive previews of new launches, loyalty tier upgrade, and brand ambassador invitations (do not discount heavily)."
C0107,Rohan Mukherjee,Loyal Customers,5,3,3,533,3.67,3,Occasional / Developing Buyers,1,5,12910.88,2582.18,38732.7,"Cross-sell bundle recommendations, value-add incentives, personalized appreciation rewards, and referral bonuses."
C0108,Arjun Mukherjee,At Risk,2,2,2,222,2.0,3,Occasional / Developing Buyers,76,4,12350.62,3087.66,37051.92,"Personalized 'We Miss You' win-back email campaign, high-value discount (20% off), and product replenishment reminders."
C0109,Riya Nair,At Risk,3,2,2,322,2.33,3,Occasional / Developing Buyers,43,3,6822.95,2274.32,20468.88,"Personalized 'We Miss You' win-back email campaign, high-value discount (20% off), and product replenishment reminders."
C0110,Rohan Reddy,Champions,4,5,5,455,4.67,0,Frequent Core Spenders,15,24,47901.55,1995.9,143704.8,"VIP concierge access, exclusive previews of new launches, loyalty tier upgrade, and brand ambassador invitations (do not discount heavily)."
C0111,Ananya Sharma,Can't Lose Them,2,4,4,244,3.33,0,Frequent Core Spenders,80,14,31452.28,2246.59,94356.78,"High-touch outreach, dedicated customer service review, aggressive reactivation incentives, and personalized survey on service experience."
C0112,Aditi Joshi,Champions,5,4,5,545,4.67,0,Frequent Core Spenders,3,13,49775.91,3828.92,149327.88,"VIP concierge access, exclusive previews of new launches, loyalty tier upgrade, and brand ambassador invitations (do not discount heavily)."
C0113,Nikhil Singh,Loyal Customers,5,3,4,534,4.0,3,Occasional / Developing Buyers,3,8,34980.19,4372.52,104940.48,"Cross-sell bundle recommendations, value-add incentives, personalized appreciation rewards, and referral bonuses."
C0114,Rohan Gupta,Champions,4,4,4,444,4.0,0,Frequent Core Spenders,20,11,32055.52,2914.14,96166.62,"VIP concierge access, exclusive previews of new launches, loyalty tier upgrade, and brand ambassador invitations (do not discount heavily)."
C0115,Amit Patel,Loyal Customers,3,4,4,344,3.67,0,Frequent Core Spenders,33,14,35299.11,2521.37,105897.54,"Cross-sell bundle recommendations, value-add incentives, personalized appreciation rewards, and referral bonuses."
C0116,Siddharth Joshi,Hibernating,1,2,2,122,1.67,1,Lapsed / Low-Frequency Buyers,238,2,5741.03,2870.51,17223.06,"Low-cost programmatic re-engagement, seasonal clearance offers, or suppression from high-frequency paid ads to optimize ad spend."
C0117,Pooja Gupta,Loyal Customers,3,3,4,334,3.33,3,Occasional / Developing Buyers,35,6,24587.3,4097.88,73761.84,"Cross-sell bundle recommendations, value-add incentives, personalized appreciation rewards, and referral bonuses."
C0118,Sneha Mehta,At Risk,2,1,2,212,1.67,3,Occasional / Developing Buyers,119,1,4729.36,4729.36,14188.08,"Personalized 'We Miss You' win-back email campaign, high-value discount (20% off), and product replenishment reminders."
C0119,Shreya Nair,Champions,5,5,5,555,5.0,2,Ultra-High-Value VIPs,0,36,123712.27,3436.45,371136.6,"VIP concierge access, exclusive previews of new launches, loyalty tier upgrade, and brand ambassador invitations (do not discount heavily)."
C0120,Tanvi Sharma,Champions,5,5,5,555,5.0,2,Ultra-High-Value VIPs,6,26,286439.42,11016.9,859318.2,"VIP concierge access, exclusive previews of new launches, loyalty tier upgrade, and brand ambassador invitations (do not discount heavily)."
C0122,Amit Reddy,Champions,4,4,5,445,4.33,0,Frequent Core Spenders,10,13,55717.96,4286.0,167154.0,"VIP concierge access, exclusive previews of new launches, loyalty tier upgrade, and brand ambassador invitations (do not discount heavily)."
C0123,Ananya Joshi,Champions,5,5,5,555,5.0,0,Frequent Core Spenders,5,26,44728.36,1720.32,134184.96,"VIP concierge access, exclusive previews of new launches, loyalty tier upgrade, and brand ambassador invitations (do not discount heavily)."
C0124,Arjun Joshi,At Risk,2,2,1,221,1.67,3,Occasional / Developing Buyers,105,2,3704.06,1852.03,11112.18,"Personalized 'We Miss You' win-back email campaign, high-value discount (20% off), and product replenishment reminders."
C0125,Ananya Kumar,Champions,5,4,5,545,4.67,0,Frequent Core Spenders,2,9,41929.89,4658.88,125789.76,"VIP concierge access, exclusive previews of new launches, loyalty tier upgrade, and brand ambassador invitations (do not discount heavily)."
C0126,Siddharth Kumar,Champions,4,5,5,455,4.67,0,Frequent Core Spenders,7,19,49022.5,2580.13,147067.41,"VIP concierge access, exclusive previews of new launches, loyalty tier upgrade, and brand ambassador invitations (do not discount heavily)."
C0127,Sneha Singh,New Customers,4,1,1,411,2.0,3,Occasional / Developing Buyers,18,1,3200.43,3200.43,9601.29,"Welcome onboarding journey, product usage guides, and a time-sensitive second-order incentive (15% off next purchase)."
C0128,Aarav Patel,Loyal Customers,3,3,3,333,3.0,3,Occasional / Developing Buyers,43,8,13787.84,1723.48,41363.52,"Cross-sell bundle recommendations, value-add incentives, personalized appreciation rewards, and referral bonuses."
C0130,Riya Singh,Champions,4,5,5,455,4.67,0,Frequent Core Spenders,10,20,46625.19,2331.26,139875.6,"VIP concierge access, exclusive previews of new launches, loyalty tier upgrade, and brand ambassador invitations (do not discount heavily)."
C0131,Ananya Mehta,Champions,5,5,5,555,5.0,2,Ultra-High-Value VIPs,2,43,138393.26,3218.45,415180.05,"VIP concierge access, exclusive previews of new launches, loyalty tier upgrade, and brand ambassador invitations (do not discount heavily)."
C0132,Arjun Patel,Loyal Customers,3,5,5,355,4.33,0,Frequent Core Spenders,28,21,78779.47,3751.4,236338.2,"Cross-sell bundle recommendations, value-add incentives, personalized appreciation rewards, and referral bonuses."
C0133,Priya Iyer,At Risk,2,2,1,221,1.67,3,Occasional / Developing Buyers,56,3,4255.83,1418.61,12767.49,"Personalized 'We Miss You' win-back email campaign, high-value discount (20% off), and product replenishment reminders."
C0134,Divya Reddy,Loyal Customers,3,4,3,343,3.33,0,Frequent Core Spenders,32,11,21996.31,1999.66,65988.78,"Cross-sell bundle recommendations, value-add incentives, personalized appreciation rewards, and referral bonuses."
C0135,Meera Patel,Champions,5,4,4,544,4.33,0,Frequent Core Spenders,1,11,32567.2,2960.65,97701.45,"VIP concierge access, exclusive previews of new launches, loyalty tier upgrade, and brand ambassador invitations (do not discount heavily)."
C0136,Karan Singh,Hibernating,1,2,1,121,1.33,1,Lapsed / Low-Frequency Buyers,179,3,4624.68,1541.56,13874.04,"Low-cost programmatic re-engagement, seasonal clearance offers, or suppression from high-frequency paid ads to optimize ad spend."
C0137,Aarav Bose,Champions,5,5,4,554,4.67,0,Frequent Core Spenders,5,15,23779.07,1585.27,71337.15,"VIP concierge access, exclusive previews of new launches, loyalty tier upgrade, and brand ambassador invitations (do not discount heavily)."
C0139,Tanvi Reddy,Potential Loyalists,4,2,3,423,3.0,3,Occasional / Developing Buyers,20,4,14142.95,3535.74,42428.88,"Personalized product recommendations, loyalty points program onboarding, and limited-time category vouchers."
C0140,Sneha Verma,Hibernating,1,2,2,122,1.67,1,Lapsed / Low-Frequency Buyers,160,3,7460.7,2486.9,22382.1,"Low-cost programmatic re-engagement, seasonal clearance offers, or suppression from high-frequency paid ads to optimize ad spend."
C0141,Arjun Singh,At Risk,2,2,3,223,2.33,3,Occasional / Developing Buyers,106,2,20498.13,10249.07,61494.42,"Personalized 'We Miss You' win-back email campaign, high-value discount (20% off), and product replenishment reminders."
C0143,Karan Sharma,Champions,4,4,4,444,4.0,0,Frequent Core Spenders,12,10,31653.81,3165.38,94961.4,"VIP concierge access, exclusive previews of new launches, loyalty tier upgrade, and brand ambassador invitations (do not discount heavily)."
C0144,Varun Bose,At Risk,3,3,2,332,2.67,3,Occasional / Developing Buyers,25,5,8667.96,1733.59,26003.85,"Personalized 'We Miss You' win-back email campaign, high-value discount (20% off), and product replenishment reminders."
C0145,Meera Iyer,Champions,4,4,4,444,4.0,0,Frequent Core Spenders,15,13,33086.85,2545.14,99260.46,"VIP concierge access, exclusive previews of new launches, loyalty tier upgrade, and brand ambassador invitations (do not discount heavily)."
C0147,Priya Nair,Hibernating,1,2,1,121,1.33,3,Occasional / Developing Buyers,125,2,1449.52,724.76,4348.56,"Low-cost programmatic re-engagement, seasonal clearance offers, or suppression from high-frequency paid ads to optimize ad spend."
C0148,Divya Kumar,Hibernating,4,4,2,442,3.33,3,Occasional / Developing Buyers,11,9,11669.88,1296.65,35009.55,"Low-cost programmatic re-engagement, seasonal clearance offers, or suppression from high-frequency paid ads to optimize ad spend."
C0149,Ananya Singh,Champions,5,5,5,555,5.0,0,Frequent Core Spenders,3,17,47014.82,2765.58,141044.58,"VIP concierge access, exclusive previews of new launches, loyalty tier upgrade, and brand ambassador invitations (do not discount heavily)."
C0150,Ananya Verma,At Risk,3,2,1,321,2.0,3,Occasional / Developing Buyers,38,3,4207.85,1402.62,12623.58,"Personalized 'We Miss You' win-back email campaign, high-value discount (20% off), and product replenishment reminders."
