Customer_ID,Customer_Name,Age,Age_Group,Gender,City,Region,Occupation,Loyalty_Status,Customer_Segment,Total_Revenue,Order_Count,Average_Order_Value,Total_Quantity,First_Purchase_Date,Last_Purchase_Date,Recency,Purchase_Frequency,Average_Days_Between_Purchases,Customer_Tenure,Favourite_Category,Preferred_Payment_Method,Preferred_Channel,Discount_Usage_Rate,Customer_Type,Basic_CLV,R_Score,F_Score,M_Score,RFM_Score,RFM_Index,RFM_Segment,Cluster,Cluster_Name,Marketing_Action
C0001,Rahul Patel,32,25-34,Male,Pune,West,Consultant,Silver,Standard,2531.28,1,2531.28,4,2024-02-09,2024-02-09,326,1,0.0,326,Beauty & Personal Care,UPI,In-Store,0.0,One-time,7593.84,1,1,1,111,1.0,Hibernating,1,Lapsed / Low-Frequency Buyers,"Low-cost programmatic re-engagement, seasonal clearance offers, or suppression from high-frequency paid ads to optimize ad spend."
C0002,Manish Joshi,41,35-44,Male,Hyderabad,South,Financial Analyst,Regular,Standard,19258.34,8,2407.29,18,2024-01-28,2024-12-27,4,8,47.71,338,Clothing,UPI,Online,62.5,Repeat,57774.96,5,3,3,533,3.67,Loyal Customers,3,Occasional / Developing Buyers,"Cross-sell bundle recommendations, value-add incentives, personalized appreciation rewards, and referral bonuses."
C0003,Nikhil Verma,47,45-54,Male,Pune,West,Software Engineer,Silver,Standard,8414.11,5,1682.82,5,2024-04-27,2024-11-20,41,5,51.75,248,Electronics,Credit Card,Online,60.0,Repeat,25242.3,3,2,2,322,2.33,At Risk,3,Occasional / Developing Buyers,"Personalized 'We Miss You' win-back email campaign, high-value discount (20% off), and product replenishment reminders."
C0005,Meera Mukherjee,61,55+,Female,Chennai,South,Marketing Specialist,Regular,Standard,33877.92,19,1783.05,28,2024-01-23,2024-12-18,13,19,18.33,343,Clothing,Credit Card,Online,36.84,Repeat,101633.85,4,5,4,454,4.33,Champions,0,Frequent Core Spenders,"VIP concierge access, exclusive previews of new launches, loyalty tier upgrade, and brand ambassador invitations (do not discount heavily)."
C0007,Karan Nair,19,18-24,Female,Bangalore,South,Accountant,Silver,Standard,1578.66,1,1578.66,1,2024-09-26,2024-09-26,96,1,0.0,96,Electronics,UPI,Online,100.0,One-time,4735.98,2,1,1,211,1.33,Hibernating,3,Occasional / Developing Buyers,"Low-cost programmatic re-engagement, seasonal clearance offers, or suppression from high-frequency paid ads to optimize ad spend."
C0008,Siddharth Gupta,53,45-54,Male,Mumbai,West,Data Analyst,Silver,Standard,10152.79,3,3384.26,5,2024-01-22,2024-05-24,221,3,61.5,344,Electronics,Cash on Delivery,Online,66.67,Repeat,30458.34,1,2,2,122,1.67,Hibernating,1,Lapsed / Low-Frequency Buyers,"Low-cost programmatic re-engagement, seasonal clearance offers, or suppression from high-frequency paid ads to optimize ad spend."
C0010,Priya Bose,31,25-34,Female,Hyderabad,South,Sales Executive,Gold,Standard,845.9,2,422.95,2,2024-03-14,2024-06-26,188,2,104.0,292,Clothing,Cash on Delivery,Mobile App,100.0,Repeat,2537.7,1,1,1,111,1.0,Hibernating,1,Lapsed / Low-Frequency Buyers,"Low-cost programmatic re-engagement, seasonal clearance offers, or suppression from high-frequency paid ads to optimize ad spend."
C0011,Ananya Mehta,35,35-44,Female,Hyderabad,South,Designer,Regular,Standard,9353.23,6,1558.87,6,2024-01-17,2024-11-11,50,6,59.8,349,Clothing,UPI,Online,83.33,Repeat,28059.66,2,3,2,232,2.33,At Risk,3,Occasional / Developing Buyers,"Personalized 'We Miss You' win-back email campaign, high-value discount (20% off), and product replenishment reminders."
C0012,Varun Reddy,32,25-34,Male,Chennai,South,Consultant,Silver,Standard,39368.13,7,5624.02,20,2024-04-14,2024-10-18,74,7,31.17,261,Home & Kitchen,UPI,Online,42.86,Repeat,118104.42,2,3,4,234,3.0,Can't Lose Them,3,Occasional / Developing Buyers,"High-touch outreach, dedicated customer service review, aggressive reactivation incentives, and personalized survey on service experience."
C0013,Aarav Chopra,68,55+,Female,Jaipur,North,Marketing Specialist,Regular,Standard,50314.29,15,3354.29,28,2024-01-14,2024-12-02,29,15,23.07,352,Home & Kitchen,Credit Card,Online,73.33,Repeat,150943.05,3,5,5,355,4.33,Loyal Customers,0,Frequent Core Spenders,"Cross-sell bundle recommendations, value-add incentives, personalized appreciation rewards, and referral bonuses."
C0014,Vikram Nair,58,55+,Female,Chennai,South,Financial Analyst,Silver,Standard,51065.78,19,2687.67,34,2024-01-16,2024-12-21,10,19,18.89,350,Electronics,Credit Card,Online,57.89,Repeat,153197.19,4,5,5,455,4.67,Champions,0,Frequent Core Spenders,"VIP concierge access, exclusive previews of new launches, loyalty tier upgrade, and brand ambassador invitations (do not discount heavily)."
C0015,Aarav Das,52,45-54,Female,Ahmedabad,West,Student,Platinum,Standard,1617.22,1,1617.22,1,2024-05-24,2024-05-24,221,1,0.0,221,Home & Kitchen,UPI,Online,100.0,One-time,4851.66,1,1,1,111,1.0,Hibernating,1,Lapsed / Low-Frequency Buyers,"Low-cost programmatic re-engagement, seasonal clearance offers, or suppression from high-frequency paid ads to optimize ad spend."
C0016,Rohan Mehta,18,18-24,Female,Bangalore,South,Sales Executive,Silver,Standard,61156.11,2,30578.06,35,2024-10-27,2024-12-28,3,2,62.0,65,Electronics,Credit Card,Mobile App,50.0,Repeat,183468.36,5,1,5,515,3.67,New Customers,3,Occasional / Developing Buyers,"Welcome onboarding journey, product usage guides, and a time-sensitive second-order incentive (15% off next purchase)."
C0017,Karan Mukherjee,59,55+,Male,Jaipur,North,Consultant,Silver,Standard,18118.14,7,2588.31,12,2024-01-25,2024-12-08,23,7,53.0,341,Home & Kitchen,Credit Card,Online,57.14,Repeat,54354.51,3,3,3,333,3.0,Loyal Customers,3,Occasional / Developing Buyers,"Cross-sell bundle recommendations, value-add incentives, personalized appreciation rewards, and referral bonuses."
C0018,Pooja Bose,40,35-44,Female,Bhubaneswar,East,Entrepreneur,Silver,Standard,28228.29,10,2822.83,16,2024-03-18,2024-11-27,34,10,28.22,288,Home & Kitchen,UPI,Online,80.0,Repeat,84684.9,3,4,4,344,3.67,Loyal Customers,0,Frequent Core Spenders,"Cross-sell bundle recommendations, value-add incentives, personalized appreciation rewards, and referral bonuses."
C0019,Rahul Joshi,39,35-44,Female,Kolkata,East,Entrepreneur,Silver,Standard,11880.28,3,3960.09,5,2024-01-18,2024-02-18,317,3,15.5,348,Electronics,Credit Card,Online,33.33,Repeat,35640.81,1,2,2,122,1.67,Hibernating,1,Lapsed / Low-Frequency Buyers,"Low-cost programmatic re-engagement, seasonal clearance offers, or suppression from high-frequency paid ads to optimize ad spend."
C0020,Nikhil Singh,45,45-54,Male,Mumbai,West,Sales Executive,Regular,Standard,16845.78,6,2807.63,10,2024-01-25,2024-12-30,1,6,68.0,341,Electronics,UPI,In-Store,50.0,Repeat,50537.34,5,3,3,533,3.67,Loyal Customers,3,Occasional / Developing Buyers,"Cross-sell bundle recommendations, value-add incentives, personalized appreciation rewards, and referral bonuses."
C0021,Manish Chopra,56,55+,Female,Delhi,North,Architect,Platinum,Standard,23040.69,4,5760.17,9,2024-05-20,2024-11-29,32,4,64.33,225,Sports & Fitness,UPI,Online,50.0,Repeat,69122.04,3,2,3,323,2.67,At Risk,3,Occasional / Developing Buyers,"Personalized 'We Miss You' win-back email campaign, high-value discount (20% off), and product replenishment reminders."
C0022,Tanvi Deshmukh,20,18-24,Male,Hyderabad,South,Student,Silver,Standard,34093.99,8,4261.75,23,2024-03-24,2024-12-15,16,8,38.0,282,Clothing,UPI,Online,62.5,Repeat,102282.0,4,3,4,434,3.67,Loyal Customers,3,Occasional / Developing Buyers,"Cross-sell bundle recommendations, value-add incentives, personalized appreciation rewards, and referral bonuses."
C0023,Vikram Sharma,59,55+,Male,Bhubaneswar,East,Teacher,Silver,Standard,12885.39,4,3221.35,5,2024-02-19,2024-06-30,184,4,44.0,316,Sports & Fitness,Credit Card,Online,75.0,Repeat,38656.2,1,2,2,122,1.67,Hibernating,1,Lapsed / Low-Frequency Buyers,"Low-cost programmatic re-engagement, seasonal clearance offers, or suppression from high-frequency paid ads to optimize ad spend."
C0024,Shreya Reddy,66,55+,Male,Kolkata,East,Product Manager,Silver,Standard,4971.6,5,994.32,5,2024-01-03,2024-08-28,125,5,59.5,363,Home & Kitchen,Cash on Delivery,In-Store,80.0,Repeat,14914.8,1,2,2,122,1.67,Hibernating,3,Occasional / Developing Buyers,"Low-cost programmatic re-engagement, seasonal clearance offers, or suppression from high-frequency paid ads to optimize ad spend."
C0025,Rahul Verma,66,55+,Male,Hyderabad,South,Software Engineer,Silver,Standard,75537.98,27,2797.7,56,2024-02-05,2024-12-24,7,27,12.42,330,Electronics,Credit Card,Online,44.44,Repeat,226613.7,5,5,5,555,5.0,Champions,0,Frequent Core Spenders,"VIP concierge access, exclusive previews of new launches, loyalty tier upgrade, and brand ambassador invitations (do not discount heavily)."
C0026,Aditi Verma,47,45-54,Male,Delhi,North,Software Engineer,Silver,Standard,18629.5,9,2069.94,17,2024-01-25,2024-12-18,13,9,41.0,341,Clothing,Cash on Delivery,Online,100.0,Repeat,55888.38,4,3,3,433,3.33,Loyal Customers,3,Occasional / Developing Buyers,"Cross-sell bundle recommendations, value-add incentives, personalized appreciation rewards, and referral bonuses."
C0028,Shreya Joshi,55,55+,Male,Mumbai,West,Data Analyst,Platinum,Standard,39141.39,14,2795.81,26,2024-02-12,2024-12-30,1,14,24.77,323,Home & Kitchen,Credit Card,Online,50.0,Repeat,117424.02,5,4,4,544,4.33,Champions,0,Frequent Core Spenders,"VIP concierge access, exclusive previews of new launches, loyalty tier upgrade, and brand ambassador invitations (do not discount heavily)."
C0029,Amit Mukherjee,26,25-34,Male,Ahmedabad,West,Entrepreneur,Regular,Standard,14620.71,6,2436.78,14,2024-01-16,2024-11-12,49,6,60.2,350,Books,UPI,In-Store,33.33,Repeat,43862.04,2,3,3,233,2.67,At Risk,3,Occasional / Developing Buyers,"Personalized 'We Miss You' win-back email campaign, high-value discount (20% off), and product replenishment reminders."
C0030,Pooja Gupta,20,18-24,Female,Mumbai,West,Consultant,Gold,Standard,119045.14,20,5952.26,69,2024-01-15,2024-12-13,18,20,17.53,351,Clothing,UPI,Online,50.0,Repeat,357135.6,4,5,5,455,4.67,Champions,2,Ultra-High-Value VIPs,"VIP concierge access, exclusive previews of new launches, loyalty tier upgrade, and brand ambassador invitations (do not discount heavily)."
C0031,Aarav Iyer,57,55+,Male,Chennai,South,Architect,Silver,Standard,25889.43,12,2157.45,20,2024-01-25,2024-10-25,67,12,24.91,341,Beauty & Personal Care,UPI,In-Store,58.33,Repeat,77668.2,2,4,4,244,3.33,Can't Lose Them,0,Frequent Core Spenders,"High-touch outreach, dedicated customer service review, aggressive reactivation incentives, and personalized survey on service experience."
C0032,Priya Gupta,33,25-34,Female,Chennai,South,Product Manager,Silver,Standard,6573.66,2,3286.83,3,2024-03-27,2024-06-02,212,2,67.0,279,Sports & Fitness,Debit Card,Online,0.0,Repeat,19720.98,1,1,2,112,1.33,Hibernating,1,Lapsed / Low-Frequency Buyers,"Low-cost programmatic re-engagement, seasonal clearance offers, or suppression from high-frequency paid ads to optimize ad spend."
C0034,Rohan Gupta,37,35-44,Female,Hyderabad,South,Software Engineer,Platinum,Standard,2821.33,2,1410.66,3,2024-02-25,2024-06-24,190,2,120.0,310,Electronics,Cash on Delivery,In-Store,100.0,Repeat,8463.96,1,1,1,111,1.0,Hibernating,1,Lapsed / Low-Frequency Buyers,"Low-cost programmatic re-engagement, seasonal clearance offers, or suppression from high-frequency paid ads to optimize ad spend."
C0035,Amit Sharma,55,55+,Female,Jaipur,North,Sales Executive,Regular,Standard,29792.36,8,3724.05,16,2024-03-16,2024-12-03,28,8,37.43,290,Clothing,Credit Card,Online,75.0,Repeat,89377.2,3,3,4,334,3.33,Loyal Customers,3,Occasional / Developing Buyers,"Cross-sell bundle recommendations, value-add incentives, personalized appreciation rewards, and referral bonuses."
C0036,Divya Das,19,18-24,Female,Chennai,South,Product Manager,Regular,Standard,11700.78,5,2340.16,7,2024-03-17,2024-09-20,102,5,46.75,289,Electronics,UPI,Online,60.0,Repeat,35102.4,2,2,2,222,2.0,At Risk,3,Occasional / Developing Buyers,"Personalized 'We Miss You' win-back email campaign, high-value discount (20% off), and product replenishment reminders."
C0037,Aarav Bose,65,55+,Female,Hyderabad,South,Consultant,Regular,Standard,15868.2,2,7934.1,6,2024-05-22,2024-05-30,215,2,8.0,223,Sports & Fitness,Cash on Delivery,In-Store,0.0,Repeat,47604.6,1,1,3,113,1.67,Hibernating,1,Lapsed / Low-Frequency Buyers,"Low-cost programmatic re-engagement, seasonal clearance offers, or suppression from high-frequency paid ads to optimize ad spend."
C0038,Aarav Das,68,55+,Female,Ahmedabad,West,Sales Executive,Platinum,Standard,10639.84,2,5319.92,3,2024-10-18,2024-12-11,20,2,54.0,74,Sports & Fitness,UPI,Online,0.0,Repeat,31919.52,4,1,2,412,2.33,New Customers,3,Occasional / Developing Buyers,"Welcome onboarding journey, product usage guides, and a time-sensitive second-order incentive (15% off next purchase)."
C0039,Sneha Deshmukh,71,55+,Female,Bhubaneswar,East,Data Analyst,Silver,Standard,38937.18,13,2995.17,25,2024-01-08,2024-12-26,5,13,29.42,358,Home & Kitchen,UPI,In-Store,69.23,Repeat,116811.63,5,4,4,544,4.33,Champions,0,Frequent Core Spenders,"VIP concierge access, exclusive previews of new launches, loyalty tier upgrade, and brand ambassador invitations (do not discount heavily)."
C0040,Aarav Chopra,22,18-24,Male,Jaipur,North,Product Manager,Gold,Standard,227145.6,36,6309.6,107,2024-01-01,2024-12-27,4,36,10.31,365,Home & Kitchen,UPI,Online,58.33,Repeat,681436.8,5,5,5,555,5.0,Champions,2,Ultra-High-Value VIPs,"VIP concierge access, exclusive previews of new launches, loyalty tier upgrade, and brand ambassador invitations (do not discount heavily)."
C0041,Ravi Das,61,55+,Female,Pune,West,Teacher,Silver,Standard,13764.21,12,1147.02,16,2024-01-20,2024-11-09,52,12,26.73,346,Beauty & Personal Care,Credit Card,Online,41.67,Repeat,41292.72,2,4,3,243,3.0,Can't Lose Them,0,Frequent Core Spenders,"High-touch outreach, dedicated customer service review, aggressive reactivation incentives, and personalized survey on service experience."
C0042,Karan Mehta,66,55+,Female,Jaipur,North,Accountant,Regular,Standard,989.59,1,989.59,1,2024-10-21,2024-10-21,71,1,0.0,71,Clothing,Debit Card,Online,100.0,One-time,2968.77,2,1,1,211,1.33,Hibernating,3,Occasional / Developing Buyers,"Low-cost programmatic re-engagement, seasonal clearance offers, or suppression from high-frequency paid ads to optimize ad spend."
C0043,Nikhil Das,20,18-24,Male,Chennai,South,Designer,Regular,Standard,1015.79,1,1015.79,1,2024-01-25,2024-01-25,341,1,0.0,341,Books,Net Banking,Online,100.0,One-time,3047.37,1,1,1,111,1.0,Hibernating,1,Lapsed / Low-Frequency Buyers,"Low-cost programmatic re-engagement, seasonal clearance offers, or suppression from high-frequency paid ads to optimize ad spend."
C0045,Priya Verma,34,25-34,Female,Chennai,South,Student,Regular,Standard,40419.68,19,2127.35,33,2024-01-13,2024-12-20,11,19,19.0,353,Sports & Fitness,Credit Card,Online,57.89,Repeat,121258.95,4,5,4,454,4.33,Champions,0,Frequent Core Spenders,"VIP concierge access, exclusive previews of new launches, loyalty tier upgrade, and brand ambassador invitations (do not discount heavily)."
C0047,Rahul Reddy,62,55+,Male,Hyderabad,South,Sales Executive,Regular,Standard,20591.85,5,4118.37,12,2024-03-15,2024-12-17,14,5,69.25,291,Electronics,UPI,Online,40.0,Repeat,61775.55,4,2,3,423,3.0,Potential Loyalists,3,Occasional / Developing Buyers,"Personalized product recommendations, loyalty points program onboarding, and limited-time category vouchers."
C0049,Riya Nair,39,35-44,Male,Kolkata,East,Teacher,Silver,Standard,13403.6,5,2680.72,7,2024-03-10,2024-09-05,117,5,44.75,296,Sports & Fitness,Credit Card,In-Store,60.0,Repeat,40210.8,2,2,3,223,2.33,At Risk,3,Occasional / Developing Buyers,"Personalized 'We Miss You' win-back email campaign, high-value discount (20% off), and product replenishment reminders."
C0050,Amit Chopra,50,45-54,Female,Pune,West,Consultant,Gold,Standard,17591.69,8,2198.96,12,2024-02-21,2024-12-04,27,8,41.0,314,Home & Kitchen,UPI,Online,87.5,Repeat,52775.04,3,3,3,333,3.0,Loyal Customers,3,Occasional / Developing Buyers,"Cross-sell bundle recommendations, value-add incentives, personalized appreciation rewards, and referral bonuses."
C0051,Varun Das,47,45-54,Female,Bangalore,South,Financial Analyst,Regular,Standard,63820.88,15,4254.73,30,2024-01-04,2024-12-16,15,15,24.79,362,Electronics,Credit Card,Online,46.67,Repeat,191462.85,4,5,5,455,4.67,Champions,0,Frequent Core Spenders,"VIP concierge access, exclusive previews of new launches, loyalty tier upgrade, and brand ambassador invitations (do not discount heavily)."
C0052,Varun Verma,59,55+,Male,Delhi,North,Financial Analyst,Silver,Standard,5934.56,1,5934.56,5,2024-03-02,2024-03-02,304,1,0.0,304,Clothing,UPI,In-Store,100.0,One-time,17803.68,1,1,2,112,1.33,Hibernating,1,Lapsed / Low-Frequency Buyers,"Low-cost programmatic re-engagement, seasonal clearance offers, or suppression from high-frequency paid ads to optimize ad spend."
C0055,Nikhil Sharma,56,55+,Female,Pune,West,Teacher,Regular,Standard,36726.46,17,2160.38,31,2024-02-08,2024-11-02,59,17,16.75,327,Sports & Fitness,UPI,Online,76.47,Repeat,110179.38,2,5,4,254,3.67,Can't Lose Them,0,Frequent Core Spenders,"High-touch outreach, dedicated customer service review, aggressive reactivation incentives, and personalized survey on service experience."
C0056,Rohan Chopra,33,25-34,Male,Ahmedabad,West,Architect,Silver,Standard,33271.88,15,2218.13,29,2024-02-23,2024-12-20,11,15,21.5,312,Home & Kitchen,UPI,Online,73.33,Repeat,99815.85,4,5,4,454,4.33,Champions,0,Frequent Core Spenders,"VIP concierge access, exclusive previews of new launches, loyalty tier upgrade, and brand ambassador invitations (do not discount heavily)."
C0057,Vikram Mukherjee,47,45-54,Female,Mumbai,West,Doctor,Silver,Standard,24628.12,11,2238.92,17,2024-01-31,2024-12-15,16,11,31.9,335,Sports & Fitness,Credit Card,Online,54.55,Repeat,73884.36,4,4,4,444,4.0,Champions,0,Frequent Core Spenders,"VIP concierge access, exclusive previews of new launches, loyalty tier upgrade, and brand ambassador invitations (do not discount heavily)."
C0058,Meera Mehta,50,45-54,Male,Pune,West,Consultant,Gold,Standard,4421.57,4,1105.39,7,2024-07-24,2024-12-18,13,4,49.0,160,Sports & Fitness,UPI,Online,75.0,Repeat,13264.68,4,2,1,421,2.33,Potential Loyalists,3,Occasional / Developing Buyers,"Personalized product recommendations, loyalty points program onboarding, and limited-time category vouchers."
C0059,Riya Mehta,51,45-54,Male,Kolkata,East,Designer,Regular,Standard,8175.64,5,1635.13,8,2024-02-03,2024-10-24,68,5,66.0,332,Beauty & Personal Care,UPI,Online,20.0,Repeat,24526.95,2,3,2,232,2.33,At Risk,3,Occasional / Developing Buyers,"Personalized 'We Miss You' win-back email campaign, high-value discount (20% off), and product replenishment reminders."
C0060,Aarav Iyer,62,55+,Male,Hyderabad,South,Consultant,Regular,Standard,3355.34,1,3355.34,4,2024-05-09,2024-05-09,236,1,0.0,236,Clothing,UPI,Online,100.0,One-time,10066.02,1,1,1,111,1.0,Hibernating,1,Lapsed / Low-Frequency Buyers,"Low-cost programmatic re-engagement, seasonal clearance offers, or suppression from high-frequency paid ads to optimize ad spend."
C0061,Tanvi Iyer,67,55+,Female,Delhi,North,Software Engineer,Regular,Standard,22517.85,13,1732.14,21,2024-01-12,2024-12-08,23,13,27.58,354,Clothing,Credit Card,Online,46.15,Repeat,67553.46,3,4,3,343,3.33,Loyal Customers,0,Frequent Core Spenders,"Cross-sell bundle recommendations, value-add incentives, personalized appreciation rewards, and referral bonuses."
C0062,Amit Mehta,20,18-24,Female,Hyderabad,South,Designer,Silver,Standard,12862.16,4,3215.54,13,2024-01-26,2024-09-02,120,4,73.33,340,Electronics,Credit Card,Online,75.0,Repeat,38586.48,2,2,2,222,2.0,At Risk,3,Occasional / Developing Buyers,"Personalized 'We Miss You' win-back email campaign, high-value discount (20% off), and product replenishment reminders."
C0063,Varun Chopra,68,55+,Female,Bangalore,South,Software Engineer,Regular,Standard,44133.56,5,8826.71,41,2024-01-03,2024-11-10,51,5,78.0,363,Electronics,Cash on Delivery,Online,80.0,Repeat,132400.65,2,3,5,235,3.33,Can't Lose Them,3,Occasional / Developing Buyers,"High-touch outreach, dedicated customer service review, aggressive reactivation incentives, and personalized survey on service experience."
C0064,Priya Nair,68,55+,Male,Mumbai,West,Designer,Regular,Standard,19816.98,7,2831.0,15,2024-01-18,2024-12-09,22,7,54.33,348,Sports & Fitness,Credit Card,In-Store,71.43,Repeat,59451.0,3,3,3,333,3.0,Loyal Customers,3,Occasional / Developing Buyers,"Cross-sell bundle recommendations, value-add incentives, personalized appreciation rewards, and referral bonuses."
C0065,Varun Joshi,53,45-54,Male,Chennai,South,Product Manager,Gold,Standard,508.71,1,508.71,1,2024-07-06,2024-07-06,178,1,0.0,178,Home & Kitchen,Credit Card,Online,100.0,One-time,1526.13,1,1,1,111,1.0,Hibernating,1,Lapsed / Low-Frequency Buyers,"Low-cost programmatic re-engagement, seasonal clearance offers, or suppression from high-frequency paid ads to optimize ad spend."
C0066,Karan Iyer,66,55+,Male,Mumbai,West,Data Analyst,Silver,Standard,1165.63,1,1165.63,1,2024-11-19,2024-11-19,42,1,0.0,42,Home & Kitchen,UPI,Mobile App,100.0,One-time,3496.89,3,1,1,311,1.67,Hibernating,3,Occasional / Developing Buyers,"Low-cost programmatic re-engagement, seasonal clearance offers, or suppression from high-frequency paid ads to optimize ad spend."
C0067,Shreya Kumar,29,25-34,Male,Bangalore,South,Architect,Silver,Standard,30650.51,10,3065.05,20,2024-02-22,2024-11-27,34,10,31.0,313,Sports & Fitness,UPI,Online,50.0,Repeat,91951.5,3,4,4,344,3.67,Loyal Customers,0,Frequent Core Spenders,"Cross-sell bundle recommendations, value-add incentives, personalized appreciation rewards, and referral bonuses."
C0069,Neha Deshmukh,36,35-44,Male,Bangalore,South,Accountant,Regular,Standard,21464.67,8,2683.08,15,2024-01-30,2024-11-20,41,8,42.14,336,Clothing,UPI,Online,62.5,Repeat,64393.92,3,3,3,333,3.0,Loyal Customers,3,Occasional / Developing Buyers,"Cross-sell bundle recommendations, value-add incentives, personalized appreciation rewards, and referral bonuses."
C0070,Tanvi Gupta,64,55+,Male,Pune,West,Marketing Specialist,Platinum,Standard,10049.96,3,3349.99,7,2024-06-15,2024-12-30,1,3,99.0,199,Electronics,Credit Card,Online,66.67,Repeat,30149.91,5,2,2,522,3.0,Potential Loyalists,3,Occasional / Developing Buyers,"Personalized product recommendations, loyalty points program onboarding, and limited-time category vouchers."
C0071,Tanvi Joshi,53,45-54,Female,Chennai,South,Consultant,Gold,Standard,6951.47,2,3475.74,4,2024-04-30,2024-12-29,2,2,243.0,245,Home & Kitchen,Cash on Delivery,Online,100.0,Repeat,20854.44,5,1,2,512,2.67,New Customers,3,Occasional / Developing Buyers,"Welcome onboarding journey, product usage guides, and a time-sensitive second-order incentive (15% off next purchase)."
C0072,Priya Nair,22,18-24,Female,Bhubaneswar,East,Student,Gold,Standard,23303.73,5,4660.75,11,2024-02-04,2024-08-29,124,5,51.75,331,Sports & Fitness,Credit Card,Online,80.0,Repeat,69911.25,1,3,4,134,2.67,Can't Lose Them,3,Occasional / Developing Buyers,"High-touch outreach, dedicated customer service review, aggressive reactivation incentives, and personalized survey on service experience."
C0073,Neha Reddy,61,55+,Female,Ahmedabad,West,Consultant,Silver,Standard,3682.37,3,1227.46,5,2024-01-03,2024-04-11,264,3,49.5,363,Sports & Fitness,Debit Card,Online,33.33,Repeat,11047.14,1,2,1,121,1.33,Hibernating,1,Lapsed / Low-Frequency Buyers,"Low-cost programmatic re-engagement, seasonal clearance offers, or suppression from high-frequency paid ads to optimize ad spend."
C0074,Ananya Nair,67,55+,Female,Noida,North,Doctor,Silver,Standard,17209.34,11,1564.49,19,2024-01-07,2024-12-18,13,11,34.6,359,Home & Kitchen,Net Banking,Online,63.64,Repeat,51628.17,4,4,3,443,3.67,Loyal Customers,0,Frequent Core Spenders,"Cross-sell bundle recommendations, value-add incentives, personalized appreciation rewards, and referral bonuses."
C0075,Sneha Gupta,18,18-24,Female,Delhi,North,Consultant,Regular,Standard,3679.48,2,1839.74,5,2024-02-23,2024-12-31,0,2,312.0,312,Books,Credit Card,In-Store,50.0,Repeat,11038.44,5,1,1,511,2.33,New Customers,3,Occasional / Developing Buyers,"Welcome onboarding journey, product usage guides, and a time-sensitive second-order incentive (15% off next purchase)."
C0076,Pooja Patel,47,45-54,Female,Ahmedabad,West,Consultant,Silver,Standard,9348.62,5,1869.72,7,2024-03-11,2024-12-23,8,5,71.75,295,Clothing,Cash on Delivery,Mobile App,80.0,Repeat,28045.8,4,3,2,432,3.0,Potential Loyalists,3,Occasional / Developing Buyers,"Personalized product recommendations, loyalty points program onboarding, and limited-time category vouchers."
C0077,Arjun Kumar,62,55+,Male,Kolkata,East,Product Manager,Gold,Standard,23500.57,11,2136.42,16,2024-01-06,2024-12-18,13,11,34.7,360,Beauty & Personal Care,UPI,In-Store,54.55,Repeat,70501.86,4,4,4,444,4.0,Champions,0,Frequent Core Spenders,"VIP concierge access, exclusive previews of new launches, loyalty tier upgrade, and brand ambassador invitations (do not discount heavily)."
C0078,Karan Kumar,20,18-24,Female,Chennai,South,Accountant,Silver,Standard,19860.5,11,1805.5,21,2024-01-16,2024-10-05,87,11,26.3,350,Electronics,Debit Card,Online,54.55,Repeat,59581.5,2,4,3,243,3.0,Can't Lose Them,3,Occasional / Developing Buyers,"High-touch outreach, dedicated customer service review, aggressive reactivation incentives, and personalized survey on service experience."
C0079,Shreya Sharma,23,18-24,Female,Pune,West,Teacher,Regular,Standard,159692.64,18,8871.81,74,2024-01-16,2024-12-01,30,18,18.82,350,Clothing,UPI,Online,55.56,Repeat,479077.74,3,5,5,355,4.33,Loyal Customers,2,Ultra-High-Value VIPs,"Cross-sell bundle recommendations, value-add incentives, personalized appreciation rewards, and referral bonuses."
C0080,Vikram Patel,36,35-44,Other,Noida,North,Architect,Silver,Standard,32520.3,16,2032.52,28,2024-01-20,2024-12-24,7,16,22.6,346,Clothing,UPI,Online,68.75,Repeat,97560.96,5,5,4,554,4.67,Champions,0,Frequent Core Spenders,"VIP concierge access, exclusive previews of new launches, loyalty tier upgrade, and brand ambassador invitations (do not discount heavily)."
C0083,Ananya Nair,67,55+,Male,Pune,West,Architect,Silver,Standard,1865.41,2,932.71,4,2024-02-11,2024-09-24,98,2,226.0,324,Sports & Fitness,Credit Card,In-Store,0.0,Repeat,5596.26,2,1,1,211,1.33,Hibernating,3,Occasional / Developing Buyers,"Low-cost programmatic re-engagement, seasonal clearance offers, or suppression from high-frequency paid ads to optimize ad spend."
C0084,Riya Mukherjee,26,25-34,Male,Mumbai,West,Entrepreneur,Regular,Standard,15647.67,11,1422.52,21,2024-02-04,2024-12-04,27,11,30.4,331,Sports & Fitness,UPI,Online,81.82,Repeat,46943.16,3,4,3,343,3.33,Loyal Customers,0,Frequent Core Spenders,"Cross-sell bundle recommendations, value-add incentives, personalized appreciation rewards, and referral bonuses."
C0086,Shreya Bose,62,55+,Male,Hyderabad,South,Software Engineer,Regular,Standard,901.34,1,901.34,1,2024-11-21,2024-11-21,40,1,0.0,40,Electronics,UPI,Online,0.0,One-time,2704.02,3,1,1,311,1.67,Hibernating,3,Occasional / Developing Buyers,"Low-cost programmatic re-engagement, seasonal clearance offers, or suppression from high-frequency paid ads to optimize ad spend."
C0087,Divya Das,28,25-34,Female,Chennai,South,Teacher,Regular,Standard,11036.23,7,1576.6,11,2024-02-16,2024-11-22,39,7,46.67,319,Clothing,UPI,In-Store,57.14,Repeat,33108.6,3,3,2,332,2.67,At Risk,3,Occasional / Developing Buyers,"Personalized 'We Miss You' win-back email campaign, high-value discount (20% off), and product replenishment reminders."
C0088,Ravi Deshmukh,51,45-54,Male,Delhi,North,Doctor,Gold,Standard,12333.18,4,3083.3,11,2024-05-13,2024-10-12,80,4,50.67,232,Home & Kitchen,UPI,Online,25.0,Repeat,36999.6,2,2,2,222,2.0,At Risk,3,Occasional / Developing Buyers,"Personalized 'We Miss You' win-back email campaign, high-value discount (20% off), and product replenishment reminders."
C0089,Sneha Chopra,22,18-24,Other,Ahmedabad,West,Marketing Specialist,Platinum,Standard,61168.14,14,4369.15,29,2024-01-24,2024-11-14,47,14,22.69,342,Sports & Fitness,UPI,Online,78.57,Repeat,183504.3,2,4,5,245,3.67,Can't Lose Them,0,Frequent Core Spenders,"High-touch outreach, dedicated customer service review, aggressive reactivation incentives, and personalized survey on service experience."
C0090,Vikram Mehta,27,25-34,Female,Delhi,North,Doctor,Silver,Standard,816.52,1,816.52,1,2024-04-18,2024-04-18,257,1,0.0,257,Electronics,UPI,Online,100.0,One-time,2449.56,1,1,1,111,1.0,Hibernating,1,Lapsed / Low-Frequency Buyers,"Low-cost programmatic re-engagement, seasonal clearance offers, or suppression from high-frequency paid ads to optimize ad spend."
C0092,Aditi Chopra,51,45-54,Male,Jaipur,North,Student,Silver,Standard,21276.07,9,2364.01,15,2024-01-25,2024-09-23,99,9,30.25,341,Clothing,Net Banking,Online,66.67,Repeat,63828.27,2,4,3,243,3.0,Can't Lose Them,3,Occasional / Developing Buyers,"High-touch outreach, dedicated customer service review, aggressive reactivation incentives, and personalized survey on service experience."
C0093,Aarav Singh,22,18-24,Male,Bhubaneswar,East,Architect,Platinum,Standard,6165.95,5,1233.19,5,2024-04-04,2024-09-05,117,5,38.5,271,Electronics,UPI,Online,80.0,Repeat,18497.85,2,3,2,232,2.33,At Risk,3,Occasional / Developing Buyers,"Personalized 'We Miss You' win-back email campaign, high-value discount (20% off), and product replenishment reminders."
C0094,Siddharth Kumar,38,35-44,Female,Bhubaneswar,East,Marketing Specialist,Regular,Standard,31467.87,16,1966.74,25,2024-01-27,2024-12-05,26,16,20.87,339,Sports & Fitness,UPI,Online,81.25,Repeat,94403.52,3,5,4,354,4.0,Loyal Customers,0,Frequent Core Spenders,"Cross-sell bundle recommendations, value-add incentives, personalized appreciation rewards, and referral bonuses."
C0095,Aditi Singh,51,45-54,Female,Bhubaneswar,East,Marketing Specialist,Regular,Standard,4585.3,3,1528.43,6,2024-03-29,2024-06-17,197,3,40.0,277,Clothing,UPI,Mobile App,66.67,Repeat,13755.87,1,2,1,121,1.33,Hibernating,1,Lapsed / Low-Frequency Buyers,"Low-cost programmatic re-engagement, seasonal clearance offers, or suppression from high-frequency paid ads to optimize ad spend."
C0097,Vikram Deshmukh,27,25-34,Female,Kolkata,East,Software Engineer,Silver,Standard,47833.95,15,3188.93,31,2024-03-10,2024-10-29,63,15,16.64,296,Home & Kitchen,Credit Card,Online,73.33,Repeat,143501.85,2,5,5,255,4.0,Can't Lose Them,0,Frequent Core Spenders,"High-touch outreach, dedicated customer service review, aggressive reactivation incentives, and personalized survey on service experience."
C0098,Shreya Mehta,23,18-24,Female,Bhubaneswar,East,Student,Silver,Standard,16176.66,5,3235.33,9,2024-02-25,2024-12-25,6,5,76.0,310,Electronics,UPI,Online,60.0,Repeat,48529.95,5,3,3,533,3.67,Loyal Customers,3,Occasional / Developing Buyers,"Cross-sell bundle recommendations, value-add incentives, personalized appreciation rewards, and referral bonuses."
C0099,Arjun Mukherjee,40,35-44,Male,Bhubaneswar,East,Teacher,Regular,Standard,46394.71,10,4639.47,45,2024-02-15,2024-12-30,1,10,35.44,320,Books,UPI,Online,90.0,Repeat,139184.1,5,4,5,545,4.67,Champions,0,Frequent Core Spenders,"VIP concierge access, exclusive previews of new launches, loyalty tier upgrade, and brand ambassador invitations (do not discount heavily)."
C0100,Pooja Iyer,42,35-44,Female,Jaipur,North,Student,Regular,Standard,4586.85,2,2293.43,2,2024-05-02,2024-07-25,159,2,84.0,243,Electronics,Debit Card,Online,50.0,Repeat,13760.58,1,1,1,111,1.0,Hibernating,1,Lapsed / Low-Frequency Buyers,"Low-cost programmatic re-engagement, seasonal clearance offers, or suppression from high-frequency paid ads to optimize ad spend."
C0101,Divya Deshmukh,68,55+,Male,Pune,West,Data Analyst,Silver,Standard,14316.89,8,1789.61,16,2024-02-07,2024-12-30,1,8,46.71,328,Beauty & Personal Care,Credit Card,In-Store,75.0,Repeat,42950.64,5,3,3,533,3.67,Loyal Customers,3,Occasional / Developing Buyers,"Cross-sell bundle recommendations, value-add incentives, personalized appreciation rewards, and referral bonuses."
C0102,Riya Mehta,22,18-24,Male,Kolkata,East,Sales Executive,Silver,Standard,5711.04,1,5711.04,2,2024-03-29,2024-03-29,277,1,0.0,277,Electronics,Net Banking,Mobile App,100.0,One-time,17133.12,1,1,2,112,1.33,Hibernating,1,Lapsed / Low-Frequency Buyers,"Low-cost programmatic re-engagement, seasonal clearance offers, or suppression from high-frequency paid ads to optimize ad spend."
C0103,Kavya Nair,44,35-44,Male,Chennai,South,Architect,Regular,Standard,3400.24,1,3400.24,2,2024-02-01,2024-02-01,334,1,0.0,334,Sports & Fitness,Net Banking,In-Store,100.0,One-time,10200.72,1,1,1,111,1.0,Hibernating,1,Lapsed / Low-Frequency Buyers,"Low-cost programmatic re-engagement, seasonal clearance offers, or suppression from high-frequency paid ads to optimize ad spend."
C0104,Shreya Bose,65,55+,Male,Kolkata,East,Product Manager,Regular,Standard,87229.67,22,3964.99,80,2024-01-09,2024-12-24,7,22,16.67,357,Beauty & Personal Care,UPI,Online,68.18,Repeat,261689.34,4,5,5,455,4.67,Champions,0,Frequent Core Spenders,"VIP concierge access, exclusive previews of new launches, loyalty tier upgrade, and brand ambassador invitations (do not discount heavily)."
C0105,Ravi Gupta,69,55+,Male,Hyderabad,South,Teacher,Silver,Standard,1785.28,2,892.64,3,2024-05-10,2024-07-17,167,2,68.0,235,Books,Cash on Delivery,Online,100.0,Repeat,5355.84,1,1,1,111,1.0,Hibernating,1,Lapsed / Low-Frequency Buyers,"Low-cost programmatic re-engagement, seasonal clearance offers, or suppression from high-frequency paid ads to optimize ad spend."
C0106,Manish Bose,62,55+,Male,Bhubaneswar,East,Financial Analyst,Gold,Standard,97813.72,31,3155.28,46,2024-01-06,2024-12-30,1,31,11.97,360,Sports & Fitness,UPI,Online,58.06,Repeat,293441.04,5,5,5,555,5.0,Champions,2,Ultra-High-Value VIPs,"VIP concierge access, exclusive previews of new launches, loyalty tier upgrade, and brand ambassador invitations (do not discount heavily)."
C0107,Rohan Mukherjee,64,55+,Male,Noida,North,Designer,Silver,Standard,12910.88,5,2582.18,12,2024-01-22,2024-12-30,1,5,85.75,344,Electronics,Credit Card,Online,80.0,Repeat,38732.7,5,3,3,533,3.67,Loyal Customers,3,Occasional / Developing Buyers,"Cross-sell bundle recommendations, value-add incentives, personalized appreciation rewards, and referral bonuses."
C0108,Arjun Mukherjee,54,45-54,Male,Bangalore,South,Architect,Regular,Standard,12350.62,4,3087.66,5,2024-01-01,2024-10-16,76,4,96.33,365,Clothing,UPI,Online,75.0,Repeat,37051.92,2,2,2,222,2.0,At Risk,3,Occasional / Developing Buyers,"Personalized 'We Miss You' win-back email campaign, high-value discount (20% off), and product replenishment reminders."
C0109,Riya Nair,42,35-44,Female,Mumbai,West,Architect,Regular,Standard,6822.95,3,2274.32,3,2024-02-04,2024-11-18,43,3,144.0,331,Electronics,Debit Card,Online,0.0,Repeat,20468.88,3,2,2,322,2.33,At Risk,3,Occasional / Developing Buyers,"Personalized 'We Miss You' win-back email campaign, high-value discount (20% off), and product replenishment reminders."
C0110,Rohan Reddy,35,35-44,Male,Ahmedabad,West,Data Analyst,Platinum,Standard,47901.55,24,1995.9,37,2024-01-24,2024-12-16,15,24,14.22,342,Electronics,UPI,Online,66.67,Repeat,143704.8,4,5,5,455,4.67,Champions,0,Frequent Core Spenders,"VIP concierge access, exclusive previews of new launches, loyalty tier upgrade, and brand ambassador invitations (do not discount heavily)."
C0111,Ananya Sharma,47,45-54,Male,Pune,West,Teacher,Regular,Standard,31452.28,14,2246.59,19,2024-01-04,2024-10-12,80,14,21.69,362,Sports & Fitness,UPI,Online,71.43,Repeat,94356.78,2,4,4,244,3.33,Can't Lose Them,0,Frequent Core Spenders,"High-touch outreach, dedicated customer service review, aggressive reactivation incentives, and personalized survey on service experience."
C0112,Aditi Joshi,62,55+,Male,Chennai,South,Software Engineer,Gold,Standard,49775.91,13,3828.92,26,2024-01-13,2024-12-28,3,13,29.17,353,Electronics,Credit Card,Online,61.54,Repeat,149327.88,5,4,5,545,4.67,Champions,0,Frequent Core Spenders,"VIP concierge access, exclusive previews of new launches, loyalty tier upgrade, and brand ambassador invitations (do not discount heavily)."
C0113,Nikhil Singh,47,45-54,Male,Hyderabad,South,Consultant,Regular,Standard,34980.19,8,4372.52,18,2024-01-21,2024-12-28,3,8,48.86,345,Home & Kitchen,Credit Card,Online,75.0,Repeat,104940.48,5,3,4,534,4.0,Loyal Customers,3,Occasional / Developing Buyers,"Cross-sell bundle recommendations, value-add incentives, personalized appreciation rewards, and referral bonuses."
C0114,Rohan Gupta,53,45-54,Other,Ahmedabad,West,Data Analyst,Platinum,Standard,32055.52,11,2914.14,22,2024-01-11,2024-12-11,20,11,33.5,355,Electronics,UPI,Online,72.73,Repeat,96166.62,4,4,4,444,4.0,Champions,0,Frequent Core Spenders,"VIP concierge access, exclusive previews of new launches, loyalty tier upgrade, and brand ambassador invitations (do not discount heavily)."
C0115,Amit Patel,47,45-54,Male,Jaipur,North,Sales Executive,Regular,Standard,35299.11,14,2521.37,22,2024-01-08,2024-11-28,33,14,25.0,358,Clothing,UPI,Online,71.43,Repeat,105897.54,3,4,4,344,3.67,Loyal Customers,0,Frequent Core Spenders,"Cross-sell bundle recommendations, value-add incentives, personalized appreciation rewards, and referral bonuses."
C0116,Siddharth Joshi,68,55+,Female,Pune,West,Teacher,Regular,Standard,5741.03,2,2870.51,2,2024-04-14,2024-05-07,238,2,23.0,261,Clothing,Net Banking,In-Store,50.0,Repeat,17223.06,1,2,2,122,1.67,Hibernating,1,Lapsed / Low-Frequency Buyers,"Low-cost programmatic re-engagement, seasonal clearance offers, or suppression from high-frequency paid ads to optimize ad spend."
C0117,Pooja Gupta,50,45-54,Female,Delhi,North,Designer,Regular,Standard,24587.3,6,4097.88,14,2024-02-20,2024-11-26,35,6,56.0,315,Electronics,Credit Card,Online,66.67,Repeat,73761.84,3,3,4,334,3.33,Loyal Customers,3,Occasional / Developing Buyers,"Cross-sell bundle recommendations, value-add incentives, personalized appreciation rewards, and referral bonuses."
C0118,Sneha Mehta,53,45-54,Male,Jaipur,North,Software Engineer,Silver,Standard,4729.36,1,4729.36,4,2024-09-03,2024-09-03,119,1,0.0,119,Electronics,Net Banking,Online,100.0,One-time,14188.08,2,1,2,212,1.67,At Risk,3,Occasional / Developing Buyers,"Personalized 'We Miss You' win-back email campaign, high-value discount (20% off), and product replenishment reminders."
C0119,Shreya Nair,40,35-44,Female,Noida,North,Entrepreneur,Regular,Standard,123712.27,36,3436.45,106,2024-01-16,2024-12-31,0,36,10.0,350,Electronics,UPI,Online,61.11,Repeat,371136.6,5,5,5,555,5.0,Champions,2,Ultra-High-Value VIPs,"VIP concierge access, exclusive previews of new launches, loyalty tier upgrade, and brand ambassador invitations (do not discount heavily)."
C0120,Tanvi Sharma,26,25-34,Female,Bhubaneswar,East,Financial Analyst,Platinum,Standard,286439.42,26,11016.9,92,2024-01-22,2024-12-25,6,26,13.52,344,Sports & Fitness,UPI,Online,53.85,Repeat,859318.2,5,5,5,555,5.0,Champions,2,Ultra-High-Value VIPs,"VIP concierge access, exclusive previews of new launches, loyalty tier upgrade, and brand ambassador invitations (do not discount heavily)."
C0122,Amit Reddy,29,25-34,Male,Delhi,North,Financial Analyst,Regular,Standard,55717.96,13,4286.0,24,2024-01-04,2024-12-21,10,13,29.33,362,Home & Kitchen,UPI,Online,53.85,Repeat,167154.0,4,4,5,445,4.33,Champions,0,Frequent Core Spenders,"VIP concierge access, exclusive previews of new launches, loyalty tier upgrade, and brand ambassador invitations (do not discount heavily)."
C0123,Ananya Joshi,54,45-54,Male,Jaipur,North,Doctor,Gold,Standard,44728.36,26,1720.32,41,2024-01-09,2024-12-26,5,26,14.08,357,Home & Kitchen,UPI,Online,61.54,Repeat,134184.96,5,5,5,555,5.0,Champions,0,Frequent Core Spenders,"VIP concierge access, exclusive previews of new launches, loyalty tier upgrade, and brand ambassador invitations (do not discount heavily)."
C0124,Arjun Joshi,21,18-24,Male,Kolkata,East,Architect,Regular,Standard,3704.06,2,1852.03,4,2024-04-04,2024-09-17,105,2,166.0,271,Home & Kitchen,UPI,Online,50.0,Repeat,11112.18,2,2,1,221,1.67,At Risk,3,Occasional / Developing Buyers,"Personalized 'We Miss You' win-back email campaign, high-value discount (20% off), and product replenishment reminders."
C0125,Ananya Kumar,55,55+,Female,Delhi,North,Architect,Silver,Standard,41929.89,9,4658.88,20,2024-01-29,2024-12-29,2,9,41.88,337,Home & Kitchen,UPI,Online,66.67,Repeat,125789.76,5,4,5,545,4.67,Champions,0,Frequent Core Spenders,"VIP concierge access, exclusive previews of new launches, loyalty tier upgrade, and brand ambassador invitations (do not discount heavily)."
C0126,Siddharth Kumar,31,25-34,Male,Hyderabad,South,Marketing Specialist,Silver,Standard,49022.5,19,2580.13,32,2024-01-01,2024-12-24,7,19,19.89,365,Electronics,Credit Card,Online,57.89,Repeat,147067.41,4,5,5,455,4.67,Champions,0,Frequent Core Spenders,"VIP concierge access, exclusive previews of new launches, loyalty tier upgrade, and brand ambassador invitations (do not discount heavily)."
C0127,Sneha Singh,24,18-24,Female,Kolkata,East,Product Manager,Regular,Standard,3200.43,1,3200.43,3,2024-12-13,2024-12-13,18,1,0.0,18,Home & Kitchen,UPI,Online,100.0,One-time,9601.29,4,1,1,411,2.0,New Customers,3,Occasional / Developing Buyers,"Welcome onboarding journey, product usage guides, and a time-sensitive second-order incentive (15% off next purchase)."
C0128,Aarav Patel,53,45-54,Other,Chennai,South,Software Engineer,Regular,Standard,13787.84,8,1723.48,12,2024-02-26,2024-11-18,43,8,38.0,309,Home & Kitchen,UPI,Online,62.5,Repeat,41363.52,3,3,3,333,3.0,Loyal Customers,3,Occasional / Developing Buyers,"Cross-sell bundle recommendations, value-add incentives, personalized appreciation rewards, and referral bonuses."
C0130,Riya Singh,48,45-54,Male,Hyderabad,South,Product Manager,Silver,Standard,46625.19,20,2331.26,36,2024-01-03,2024-12-21,10,20,18.58,363,Sports & Fitness,UPI,Online,50.0,Repeat,139875.6,4,5,5,455,4.67,Champions,0,Frequent Core Spenders,"VIP concierge access, exclusive previews of new launches, loyalty tier upgrade, and brand ambassador invitations (do not discount heavily)."
C0131,Ananya Mehta,64,55+,Male,Noida,North,Student,Platinum,Standard,138393.26,43,3218.45,77,2024-01-13,2024-12-29,2,43,8.36,353,Electronics,UPI,Online,58.14,Repeat,415180.05,5,5,5,555,5.0,Champions,2,Ultra-High-Value VIPs,"VIP concierge access, exclusive previews of new launches, loyalty tier upgrade, and brand ambassador invitations (do not discount heavily)."
C0132,Arjun Patel,43,35-44,Male,Pune,West,Product Manager,Gold,Standard,78779.47,21,3751.4,73,2024-01-11,2024-12-03,28,21,16.35,355,Home & Kitchen,UPI,Online,66.67,Repeat,236338.2,3,5,5,355,4.33,Loyal Customers,0,Frequent Core Spenders,"Cross-sell bundle recommendations, value-add incentives, personalized appreciation rewards, and referral bonuses."
C0133,Priya Iyer,63,55+,Female,Kolkata,East,Entrepreneur,Gold,Standard,4255.83,3,1418.61,3,2024-05-04,2024-11-05,56,3,92.5,241,Home & Kitchen,Cash on Delivery,Online,33.33,Repeat,12767.49,2,2,1,221,1.67,At Risk,3,Occasional / Developing Buyers,"Personalized 'We Miss You' win-back email campaign, high-value discount (20% off), and product replenishment reminders."
C0134,Divya Reddy,64,55+,Female,Bhubaneswar,East,Accountant,Gold,Standard,21996.31,11,1999.66,16,2024-01-01,2024-11-29,32,11,33.3,365,Clothing,UPI,Online,63.64,Repeat,65988.78,3,4,3,343,3.33,Loyal Customers,0,Frequent Core Spenders,"Cross-sell bundle recommendations, value-add incentives, personalized appreciation rewards, and referral bonuses."
C0135,Meera Patel,54,45-54,Female,Kolkata,East,Software Engineer,Platinum,Standard,32567.2,11,2960.65,21,2024-01-15,2024-12-30,1,11,35.0,351,Electronics,UPI,In-Store,27.27,Repeat,97701.45,5,4,4,544,4.33,Champions,0,Frequent Core Spenders,"VIP concierge access, exclusive previews of new launches, loyalty tier upgrade, and brand ambassador invitations (do not discount heavily)."
C0136,Karan Singh,46,45-54,Male,Chennai,South,Teacher,Regular,Standard,4624.68,3,1541.56,5,2024-01-16,2024-07-05,179,3,85.5,350,Electronics,Cash on Delivery,In-Store,66.67,Repeat,13874.04,1,2,1,121,1.33,Hibernating,1,Lapsed / Low-Frequency Buyers,"Low-cost programmatic re-engagement, seasonal clearance offers, or suppression from high-frequency paid ads to optimize ad spend."
C0137,Aarav Bose,38,35-44,Male,Mumbai,West,Teacher,Regular,Standard,23779.07,15,1585.27,21,2024-02-01,2024-12-26,5,15,23.5,334,Electronics,UPI,Online,60.0,Repeat,71337.15,5,5,4,554,4.67,Champions,0,Frequent Core Spenders,"VIP concierge access, exclusive previews of new launches, loyalty tier upgrade, and brand ambassador invitations (do not discount heavily)."
C0139,Tanvi Reddy,43,35-44,Male,Mumbai,West,Architect,Regular,Standard,14142.95,4,3535.74,9,2024-02-23,2024-12-11,20,4,97.33,312,Electronics,UPI,In-Store,75.0,Repeat,42428.88,4,2,3,423,3.0,Potential Loyalists,3,Occasional / Developing Buyers,"Personalized product recommendations, loyalty points program onboarding, and limited-time category vouchers."
C0140,Sneha Verma,44,35-44,Female,Delhi,North,Student,Gold,Standard,7460.7,3,2486.9,5,2024-01-22,2024-07-24,160,3,92.0,344,Sports & Fitness,UPI,Online,66.67,Repeat,22382.1,1,2,2,122,1.67,Hibernating,1,Lapsed / Low-Frequency Buyers,"Low-cost programmatic re-engagement, seasonal clearance offers, or suppression from high-frequency paid ads to optimize ad spend."
C0141,Arjun Singh,24,18-24,Male,Pune,West,Financial Analyst,Silver,Standard,20498.13,2,10249.07,7,2024-04-16,2024-09-16,106,2,153.0,259,Sports & Fitness,Cash on Delivery,In-Store,100.0,Repeat,61494.42,2,2,3,223,2.33,At Risk,3,Occasional / Developing Buyers,"Personalized 'We Miss You' win-back email campaign, high-value discount (20% off), and product replenishment reminders."
C0143,Karan Sharma,71,55+,Female,Hyderabad,South,Software Engineer,Silver,Standard,31653.81,10,3165.38,21,2024-01-15,2024-12-19,12,10,37.67,351,Beauty & Personal Care,UPI,Online,40.0,Repeat,94961.4,4,4,4,444,4.0,Champions,0,Frequent Core Spenders,"VIP concierge access, exclusive previews of new launches, loyalty tier upgrade, and brand ambassador invitations (do not discount heavily)."
C0144,Varun Bose,36,35-44,Male,Delhi,North,Entrepreneur,Silver,Standard,8667.96,5,1733.59,7,2024-01-13,2024-12-06,25,5,82.0,353,Clothing,Credit Card,Online,80.0,Repeat,26003.85,3,3,2,332,2.67,At Risk,3,Occasional / Developing Buyers,"Personalized 'We Miss You' win-back email campaign, high-value discount (20% off), and product replenishment reminders."
C0145,Meera Iyer,35,35-44,Male,Jaipur,North,Data Analyst,Silver,Standard,33086.85,13,2545.14,20,2024-01-02,2024-12-16,15,13,29.08,364,Sports & Fitness,UPI,Online,61.54,Repeat,99260.46,4,4,4,444,4.0,Champions,0,Frequent Core Spenders,"VIP concierge access, exclusive previews of new launches, loyalty tier upgrade, and brand ambassador invitations (do not discount heavily)."
C0147,Priya Nair,63,55+,Female,Delhi,North,Consultant,Regular,Standard,1449.52,2,724.76,2,2024-03-12,2024-08-28,125,2,169.0,294,Clothing,Credit Card,Online,100.0,Repeat,4348.56,1,2,1,121,1.33,Hibernating,3,Occasional / Developing Buyers,"Low-cost programmatic re-engagement, seasonal clearance offers, or suppression from high-frequency paid ads to optimize ad spend."
C0148,Divya Kumar,25,25-34,Male,Bangalore,South,Marketing Specialist,Silver,Standard,11669.88,9,1296.65,16,2024-01-29,2024-12-20,11,9,40.75,337,Books,UPI,Online,44.44,Repeat,35009.55,4,4,2,442,3.33,Hibernating,3,Occasional / Developing Buyers,"Low-cost programmatic re-engagement, seasonal clearance offers, or suppression from high-frequency paid ads to optimize ad spend."
C0149,Ananya Singh,64,55+,Female,Jaipur,North,Software Engineer,Platinum,Standard,47014.82,17,2765.58,33,2024-02-03,2024-12-28,3,17,20.56,332,Home & Kitchen,UPI,Online,47.06,Repeat,141044.58,5,5,5,555,5.0,Champions,0,Frequent Core Spenders,"VIP concierge access, exclusive previews of new launches, loyalty tier upgrade, and brand ambassador invitations (do not discount heavily)."
C0150,Ananya Verma,49,45-54,Other,Hyderabad,South,Sales Executive,Regular,Standard,4207.85,3,1402.62,3,2024-07-30,2024-11-23,38,3,58.0,154,Clothing,UPI,Online,100.0,Repeat,12623.58,3,2,1,321,2.0,At Risk,3,Occasional / Developing Buyers,"Personalized 'We Miss You' win-back email campaign, high-value discount (20% off), and product replenishment reminders."
